STATUS OF VACCINATION SUPPLIES DISTRIBUTED PER MONTH,,,,,,,,,,,,,,,,Index,,,,,,,,,,,,,,,,,,,,,,,,,,,,,,,,,,,,,,,,,,,,,,,,,,,,,,,,,,,,,,,,,,,,,,,,,,,,,,,,,,,,,,,,,,,,,,,,,,,,,,,,,,,,,,,,,,,,,,,,,,,,,,,,,,,,,,,,,,,,,,,,,,,,,,,,,,,,,,,,,,,,,,,,,,,,,,,,,,,,
,,,,,,,,,,,,,,,,,,,,,,,,,,,,,,,,,,,,,,,,,,,,,,,,,,,,,,,,,,,,,,,,,,,,,,,,,,,,,,,,,,,,,,,,,,,,,,,,,,,,,,,,,,,,,,,,,,,,,,,,,,,,,,,,,,,,,,,,,,,,,,,,,,,,,,,,,,,,,,,,,,,,,,,,,,,,,,,,,,,,,,,,,,,,,,,,,,,,
,,,,,,,,,,,,,,,,,,,,,,,,,,,,,,,,,,,,,,,,,,,,,,,,,,,,,,,,,,,,,,,,,,,,,,,,,,,,,,,,,,,,,,,,,,,,,,,,,,,,,,,,,,,,,,,,,,,,,,,,,,,,,,,,,,,,,,,,,,,,,,,,,,,,,,,,,,,,,,,,,,,,,,,,,,,,,,,,,,,,,,,,,,,,,,,,,,,,
,,Quantity issued per month,,,,,,,,,,,,,,Quantity issued per month,,,,,,,,,,,,,Quantity issued per month,,,,,,,,,,,,,Quantity issued per month,,,,,,,,,,,,,Quantity issued per month,,,,,,,,,,,,,Quantity issued per month,,,,,,,,,,,,,Quantity issued per month,,,,,,,,,,,,,Quantity issued per month,,,,,,,,,,,,,Quantity issued per month,,,,,,,,,,,,,Quantity issued per month,,,,,,,,,,,,,Quantity issued per month,,,,,,,,,,,,,Quantity issued per month,,,,,,,,,,,,,Quantity issued per month,,,,,,,,,,,,,Quantity issued per month,,,,,,,,,,,,,Quantity issued per month,,,,,,,,,,,
,Monthly births,BCG,,,,,,,,,,,,,,OPV,,,,,,,,,,,,,Penta,,,,,,,,,,,,,Pneumo,,,,,,,,,,,,,Rota,,,,,,,,,,,,,Measles,,,,,,,,,,,,,YF,,,,,,,,,,,,,TT,,,,,,,,,,,,,HPV,,,,,,,,,,,,,DT,,,,,,,,,,,,,ADS_0.05ml,,,,,,,,,,,,,ADS_0.5ml,,,,,,,,,,,,,Sdilution_2ml,,,,,,,,,,,,,Sdilution_5ml,,,,,,,,,,,,,Safety boxes,,,,,,,,,,,
Districts,,11-Jan,11-Feb,11-Mar,11-Apr,11-May,11-Jun,11-Jul,11-Aug,11-Sep,11-Oct,11-Nov,11-Dec,Sum,,11-Jan,11-Feb,11-Mar,11-Apr,11-May,11-Jun,11-Jul,11-Aug,11-Sep,11-Oct,11-Nov,11-Dec,,11-Jan,11-Feb,11-Mar,11-Apr,11-May,11-Jun,11-Jul,11-Aug,11-Sep,11-Oct,11-Nov,11-Dec,,11-Jan,11-Feb,11-Mar,11-Apr,11-May,11-Jun,11-Jul,11-Aug,11-Sep,11-Oct,11-Nov,11-Dec,,11-Jan,11-Feb,11-Mar,11-Apr,11-May,11-Jun,11-Jul,11-Aug,11-Sep,11-Oct,11-Nov,11-Dec,,11-Jan,11-Feb,11-Mar,11-Apr,11-May,11-Jun,11-Jul,11-Aug,11-Sep,11-Oct,11-Nov,11-Dec,,11-Jan,11-Feb,11-Mar,11-Apr,11-May,11-Jun,11-Jul,11-Aug,11-Sep,11-Oct,11-Nov,11-Dec,,11-Jan,11-Feb,11-Mar,11-Apr,11-May,11-Jun,11-Jul,11-Aug,11-Sep,11-Oct,11-Nov,11-Dec,,11-Jan,11-Feb,11-Mar,11-Apr,11-May,11-Jun,11-Jul,11-Aug,11-Sep,11-Oct,11-Nov,11-Dec,,11-Jan,11-Feb,11-Mar,11-Apr,11-May,11-Jun,11-Jul,11-Aug,11-Sep,11-Oct,11-Nov,11-Dec,,11-Jan,11-Feb,11-Mar,11-Apr,11-May,11-Jun,11-Jul,11-Aug,11-Sep,11-Oct,11-Nov,11-Dec,,11-Jan,11-Feb,11-Mar,11-Apr,11-May,11-Jun,11-Jul,11-Aug,11-Sep,11-Oct,11-Nov,11-Dec,,11-Jan,11-Feb,11-Mar,11-Apr,11-May,11-Jun,11-Jul,11-Aug,11-Sep,11-Oct,11-Nov,11-Dec,,11-Jan,11-Feb,11-Mar,11-Apr,11-May,11-Jun,11-Jul,11-Aug,11-Sep,11-Oct,11-Nov,11-Dec,,11-Jan,11-Feb,11-Mar,11-Apr,11-May,11-Jun,11-Jul,11-Aug,11-Sep,11-Oct,11-Nov,11-Dec
Region1_district1,928, - ,"2,000", - , - ,"2,000", - , - , - , - , - ,  ,  ,"4,000",, - ,"3,000", - , - ,"3,000", - , - , - , - , - ,  ,  ,, - ,"1,550", - , - ,"3,000", - , - , - , - , - ,  ,  ,, - , - , - , - , - , - , - , - , - , - ,  ,  ,,  ,  ,  ,  ,  ,  ,  ,  ,  ,  ,  ,  ,, - , - , - , - ,500, - , - , - , - , - ,  ,  ,, - ,"1,000", - , - ,"1,000", - , - , - , - , - ,  ,  ,, - ,"2,000", - , - ,"1,000", - , - , - , - , - ,  ,  ,,  ,  ,  ,  ,  ,  ,  ,  ,  ,  ,  ,  ,,  ,  ,  ,  ,  ,  ,  ,  ,  ,  ,  ,  ,, - ,"2,600", - , - , - , - , - , - , - , - ,  ,  ,, - ,"4,800", - , - , - , - , - , - , - , - ,  ,  ,, - , - , - , - , - , - , - , - , - , - ,  ,  ,, - , - , - , - , - , - , - , - , - , - ,  ,  ,, - ,100, - , - , - , - , - , - , - , - ,  ,  
Region1_district2,841,400,"1,600", - ,"2,600","1,500",820,-160,860,"1,280","1,210",690,  ,"10,800",,"-1,080","5,080",260,"4,577","1,633","3,450","-4,940","4,740","2,000","3,200",900,  ,,812,"3,688",928,"5,053","2,372",515,"-1,540","2,540","1,000","1,900","1,080",  ,, - , - , - , - , - , - , - ,"1,200",650,-950,440,  ,,  ,  ,  ,  ,  ,  ,  ,  ,  ,  ,  ,  ,,"-1,620","3,120","-2,300","3,608",-848,"1,860","-5,940","3,440",500,"-3,000",960,  ,,-980,"2,480","-1,040","3,200",120,"2,570","-1,000","1,200",400,"-2,250",120,  ,,960,"3,040","2,000","3,640","1,100","4,520","-1,270",770,"4,500",100,150,  ,,  ,  ,  ,  ,  ,  ,  ,  ,  ,  ,  ,  ,,  ,  ,  ,  ,  ,  ,  ,  ,  ,  ,  ,  ,,"-2,100","5,300","-3,000","-4,163","7,063","3,300","-1,900","-1,300","8,000","1,600","-3,900",  ,,"-45,800","45,800","-31,000","30,390","-29,790","30,800","-23,200","14,800","6,000","12,000","-49,700",  ,,"-6,190","6,190","-1,000",121,-461,"2,740","-4,292","3,692",400,"1,200","-2,800",  ,, - , - , - ,-14,134, - , - , - , - , - , - ,  ,,-46,171,-25,11,65,194,-100,75,100,25,-260,  
Region1_district3,"2,036", - , - ,"2,320","4,940","3,360","2,360","1,000","1,300","3,700","1,000",  ,  ,"19,980",, - , - ,"5,680","8,450","7,410","6,710","2,460","6,000","6,000","1,000",  ,  ,, - , - ,"4,740","7,312","5,106","4,200","3,800","5,000","9,000","2,000",  ,  ,, - , - , - , - , - , - , - , - ,"2,000", - ,  ,  ,,  ,  ,  ,  ,  ,  ,  ,  ,  ,  ,  ,  ,, - , - ,-220,"3,350","1,540","2,620",480,"3,000","-3,000","7,000",  ,  ,, - , - ,"3,760","7,430","1,590","4,740","1,260","-1,400","2,700","1,700",  ,  ,, - , - ,"1,090","5,960","4,750","2,520",480,"2,200","6,000","1,800",  ,  ,,  ,  ,  ,  ,  ,  ,  ,  ,  ,  ,  ,  ,,  ,  ,  ,  ,  ,  ,  ,  ,  ,  ,  ,  ,, - , - ,"1,900","2,806","2,294","2,500",700,"3,100",800, - ,  ,  ,, - , - ,"4,800","12,963","1,237","3,900",900,"7,300","2,600", - ,  ,  ,, - , - , - ,980,430, - , - ,500,500, - ,  ,  ,, - , - , - , - , - , - , - , - , - , - ,  ,  ,, - , - ,-100,417,-26,45, - ,50, - , - ,  ,  
Region1_district4,770, - , - , - , - , - ,-780,780, - , - , - ,  ,  , - ,, - , - , - , - , - ,"-2,170","2,170", - , - , - ,  ,  ,, - , - , - , - , - ,"1,650","2,350", - , - , - ,  ,  ,, - , - , - , - , - , - , - , - , - , - ,  ,  ,,  ,  ,  ,  ,  ,  ,  ,  ,  ,  ,  ,  ,, - , - , - , - , - ,"-4,950","8,070", - , - , - ,  ,  ,, - , - , - , - , - ,"-1,200","3,160", - , - , - ,  ,  ,, - , - , - , - , - ,"-1,740","1,740", - , - , - ,  ,  ,,  ,  ,  ,  ,  ,  ,  ,  ,  ,  ,  ,  ,,  ,  ,  ,  ,  ,  ,  ,  ,  ,  ,  ,  ,, - , - , - , - , - ,"-2,480","2,480", - , - , - ,  ,  ,, - , - , - , - , - ,"-1,755","1,755", - , - , - ,  ,  ,, - , - , - , - , - , - , - , - , - , - ,  ,  ,, - , - , - , - , - , - , - , - , - , - ,  ,  ,, - , - , - , - , - ,-145,145, - , - , - ,  ,  
Region1_district5,"1,723","-2,480","2,480",540,"2,040","2,420","2,020","1,720","1,760","1,980","2,360",  ,  ,"14,840",,"-6,740","6,740",850,"3,350","4,580","3,340","3,080","5,470","1,850","4,230",  ,  ,,"-6,817","6,817",743,"2,976","4,074","2,716","2,960","3,288","3,029","3,964",  ,  ,, - , - , - , - , - , - , - , - ,"-10,081","2,766",  ,  ,,  ,  ,  ,  ,  ,  ,  ,  ,  ,  ,  ,  ,,"-3,000","3,000",-630,840,"1,620",320,"1,310","1,360",250,"1,210",  ,  ,,"-3,966","3,966","-1,175","1,000","1,585","1,170","1,205","1,980",-95,"1,315",  ,  ,,"-3,060","3,060",690,"2,400","2,490","1,920","2,540","1,680","1,900","2,150",  ,  ,,  ,  ,  ,  ,  ,  ,  ,  ,  ,  ,  ,  ,,  ,  ,  ,  ,  ,  ,  ,  ,  ,  ,  ,  ,, - , - , - , - , - , - , - ,"6,600", - , - ,  ,  ,, - , - ,"16,500", - , - , - , - ,"28,500", - , - ,  ,  ,, - , - , - , - , - , - , - ,"1,000", - , - ,  ,  ,, - , - , - , - , - , - , - , - , - , - ,  ,  ,, - , - ,100, - , - , - , - ,525, - , - ,  ,  
Region1_district6,914,60,"2,940","-3,420","3,420",-600,"5,180","1,420","-1,800","1,200","2,080",  ,  ,"10,480",,40,"1,270",-310,"2,000","-3,600","3,310","3,290","1,490","1,530","1,820",  ,  ,,"3,770",230,"-1,350","1,350",200,"3,260","1,340","1,700","5,290","4,142",  ,  ,, - , - , - , - , - , - , - ,"1,350","3,650","2,456",  ,  ,,  ,  ,  ,  ,  ,  ,  ,  ,  ,  ,  ,  ,,"1,700","3,000",330,"2,020","-2,510","1,380","1,130","-2,900",915,"2,815",  ,  ,,"1,380","1,240",330,"15,870","-7,850","3,330","4,520","-5,400",950,"4,260",  ,  ,,-300,"5,500","-1,200","3,000", - ,"5,680",320,-900,690,"1,380",  ,  ,,  ,  ,  ,  ,  ,  ,  ,  ,  ,  ,  ,  ,,  ,  ,  ,  ,  ,  ,  ,  ,  ,  ,  ,  ,,"-1,300","1,300","-1,300","1,300",-200,800,"3,300",-200,"1,000","-9,400",  ,  ,,"-46,200","94,200","-7,200","55,200", - , - , - ,"-52,000","5,200","44,000",  ,  ,, - ,"6,190",100, - , - , - , - ,-900,800,"2,600",  ,  ,, - , - , - , - , - , - , - , - , - , - ,  ,  ,,-150,900,-25,275,-175,175, - ,-80,145,185,  ,  
Region1_district7,708,"2,400", - ,-700,400,"1,000","1,300",-840,"2,900","-1,020",860,600,  ,"6,900",,"5,500",500,30,"1,150","2,440","2,380",-740,820,"1,970","1,140",890,  ,,"4,800", - ,"1,584",908,"2,607",551,290,"2,990",480,"1,060","1,620",  ,, - , - , - , - , - , - , - , - ,-709,484,811,  ,,  ,  ,  ,  ,  ,  ,  ,  ,  ,  ,  ,  ,,"1,900",100,-730,110,650,470,"-1,310","1,840",-950,490,160,  ,,"2,000", - ,-620,310,990,320,-380,"1,535",-105,640,230,  ,,"5,600",400,"1,060",620,"2,400",720,"2,670","3,130",30,"1,590",510,  ,,  ,  ,  ,  ,  ,  ,  ,  ,  ,  ,  ,  ,,  ,  ,  ,  ,  ,  ,  ,  ,  ,  ,  ,  ,, - ,"2,600","-1,960",244,844,"2,172","-1,280","1,800",674,-274,616,  ,, - ,"7,600","-1,800", - ,"86,580","8,220","-72,500","70,800","-59,300","5,200","6,600",  ,, - ,700,"-2,900",90,290,"2,520","-1,160",868,64,292,84,  ,, - , - , - , - , - , - , - , - , - , - , - ,  ,, - ,200,-114,5,159,250,-226,175,51, - ,-243,  
Region2_district1,754,960,980,"1,020",40,940,"1,400","1,440","1,040",60,"1,040",  ,  ,"8,920",,"3,000","2,760","3,040",200,"2,420","5,290","3,150","2,160",880,"2,990",  ,  ,,"2,000","2,000","1,400", - ,"1,388","1,800","2,080","1,120", - ,"2,300",  ,  ,, - , - , - , - , - , - , - , - , - , - ,  ,  ,,  ,  ,  ,  ,  ,  ,  ,  ,  ,  ,  ,  ,,800,500,800,300,170,"4,900",470,"1,970","1,980","-1,160",  ,  ,,"1,260","1,100","1,900",240,710,"1,075","1,390",920, - ,900,  ,  ,,800,600,800,200,"1,300","1,640","1,390","1,150",280,"1,020",  ,  ,,  ,  ,  ,  ,  ,  ,  ,  ,  ,  ,  ,  ,,  ,  ,  ,  ,  ,  ,  ,  ,  ,  ,  ,  ,,960,"1,000","1,000",40,940,"1,140","1,620","1,060",40,"1,040",  ,  ,,"4,860","4,740","5,800","3,000","1,000","1,900","2,900","1,100","22,000","-15,900",  ,  ,, - , - , - , - ,30,170,170,87,13, - ,  ,  ,,180,80,200,60, - , - ,294,6, - ,100,  ,  ,,90,10,100,100,-200,200,250,-195,195,-255,  ,  
Region2_district2,961,"1,000",500,"1,040",460, - ,"1,460","1,500","1,500","1,540","1,440","1,500",  ,"11,940",,"1,520","2,480","2,630",370, - ,"-1,600","1,100","1,000","4,300","3,050","3,150",  ,,"2,273",627,"1,050",50, - ,"2,000","3,000","3,000","3,000","3,000","3,000",  ,, - , - , - , - , - , - , - , - , - , - ,"2,900",  ,,  ,  ,  ,  ,  ,  ,  ,  ,  ,  ,  ,  ,,170,430,700,"2,300", - ,"-1,600", - , - ,"2,080","2,120","1,290",  ,,460,140,550,450, - ,750,800,800,930,"1,720","1,000",  ,,630,"1,370","1,900",100, - , - ,"1,580","1,580","3,050","2,280","1,910",  ,,  ,  ,  ,  ,  ,  ,  ,  ,  ,  ,  ,  ,,  ,  ,  ,  ,  ,  ,  ,  ,  ,  ,  ,  ,,"1,000",500,"1,040",460, - ,"1,460","1,500","1,500","1,540","1,440","1,500",  ,,"-21,600","21,600","4,400","2,900", - , - , - , - ,"-4,800","-4,800","7,200",  ,, - , - , - , - , - ,300,300,300, - ,300,300,  ,,200, - , - , - , - , - , - , - ,200, - , - ,  ,,75,25,-50,50, - ,50,100,100,21,129,84,  
Region2_district3,987, - ,900,"2,420","1,760","2,060","1,640","1,580","1,260","1,620","1,560",  ,  ,"14,800",, - ,"2,920","7,250","2,960","4,960","3,080","4,480","4,100","4,310","2,350",  ,  ,, - ,"2,051","2,496","1,280","1,490","2,000","2,490","2,400","2,440","2,500",  ,  ,, - , - , - , - , - , - , - , - , - , - ,  ,  ,,  ,  ,  ,  ,  ,  ,  ,  ,  ,  ,  ,  ,, - ,740,"1,300","1,380","2,190","1,200","2,280",990,"2,220","1,220",  ,  ,, - ,650,"1,965","1,795","1,580","1,145","1,530",720,"1,555","1,505",  ,  ,, - ,"1,750","4,130","3,230","2,220","2,410","4,010","2,180","1,830","3,380",  ,  ,,  ,  ,  ,  ,  ,  ,  ,  ,  ,  ,  ,  ,,  ,  ,  ,  ,  ,  ,  ,  ,  ,  ,  ,  ,, - ,"1,000","2,510","1,030","2,850","2,825","2,950","2,100","1,000","2,900",  ,  ,, - ,"8,250","12,850","12,050","4,200","28,200","35,900","30,500","24,300","27,800",  ,  ,, - , - , - ,300,365,885,578,639,300,860,  ,  ,, - ,200,200,200,100,100,200,240,140,100,  ,  ,, - ,60,255,312,418,405,542,470,478,519,  ,  
Region2_district4,399,600,400,200, - , - ,180,600,460,540,540,600,  ,"4,120",,180,"1,550",270, - , - ,"1,520","1,050","1,220","1,480","1,350","1,340",  ,,"1,100","1,146",254, - , - ,"1,000","1,000",-110,"2,310","1,200","1,100",  ,, - , - , - , - , - , - ,-900, - , - ,900,-790,  ,,  ,  ,  ,  ,  ,  ,  ,  ,  ,  ,  ,  ,,490,260,250, - , - ,210,390,440,400,380,420,  ,,290,360,250, - , - ,260,340,440,400,380,420,  ,,200,"1,260",540, - , - ,760,850,610,790,870,810,  ,,  ,  ,  ,  ,  ,  ,  ,  ,  ,  ,  ,  ,,  ,  ,  ,  ,  ,  ,  ,  ,  ,  ,  ,  ,,600,600, - , - , - ,600,200,600,400,540,600,  ,,"3,700","5,400","5,300", - , - ,"4,300","3,900","2,900","3,600","5,800","5,900",  ,, - , - , - , - , - ,300,100,100,200,100,100,  ,,100,100, - , - , - , - , - , - , - , - ,100,  ,,-90,167,98, - , - ,40,51,40,100,61,73,  
Region2_district5,"3,156", - , - ,"2,620","1,580","1,600", - ,"4,240",40, - , - ,  ,  ,"10,080",, - , - ,"4,130","5,870","3,300","4,700","7,400","2,600", - , - ,  ,  ,, - , - ,"2,850",150,"4,000",300,"9,000", - , - , - ,  ,  ,, - , - , - , - , - , - , - , - , - , - ,  ,  ,,  ,  ,  ,  ,  ,  ,  ,  ,  ,  ,  ,  ,, - , - ,-980,"2,480",970,"2,030","-26,680","26,680", - , - ,  ,  ,, - , - ,390,610,"1,230","1,920","1,745",755, - , - ,  ,  ,, - , - ,"3,500","2,500","2,760","7,640","1,160","3,840", - , - ,  ,  ,,  ,  ,  ,  ,  ,  ,  ,  ,  ,  ,  ,  ,,  ,  ,  ,  ,  ,  ,  ,  ,  ,  ,  ,  ,, - , - ,"2,620","1,580",300,"1,300","4,200",100, - , - ,  ,  ,, - , - ,"-14,000","26,000","-8,000","20,000","-38,600","62,300", - , - ,  ,  ,, - , - ,-15,15,"1,221",884, - , - , - , - ,  ,  ,, - , - ,-100,300, - , - ,200, - , - , - ,  ,  ,, - , - ,-50,50, - , - ,-50,350, - , - ,  ,  
Region2_district6,928, - , - , - , - , - , - ,-740,"2,000",220,380,  ,  ,"1,860",, - , - , - , - , - , - ,"-2,360","4,200","2,470","1,200",  ,  ,, - , - , - , - , - , - ,"-2,000","3,770",730,"1,090",  ,  ,, - , - , - , - , - , - , - , - , - , - ,  ,  ,,  ,  ,  ,  ,  ,  ,  ,  ,  ,  ,  ,  ,, - , - , - , - , - , - ,-660,"1,640",180,500,  ,  ,, - , - , - , - , - , - ,-600,"1,460",-120,520,  ,  ,, - , - , - , - , - , - ,"-2,050","2,050",-650,"1,760",  ,  ,,  ,  ,  ,  ,  ,  ,  ,  ,  ,  ,  ,  ,,  ,  ,  ,  ,  ,  ,  ,  ,  ,  ,  ,  ,, - , - , - , - , - , - ,-300,"3,200","1,000", - ,  ,  ,, - , - , - , - , - , - ,"-5,500","10,400","2,600", - ,  ,  ,, - , - , - , - , - , - ,-200,400, - , - ,  ,  ,, - , - , - , - , - , - , - ,200, - , - ,  ,  ,, - , - , - , - , - , - , - , - , - , - ,  ,  
Region2_district7,837, - ,"1,200",100,"1,100","1,200","1,400",400,200,"1,320","1,140",  ,  ,"8,060",, - ,"2,850","-2,840","3,590","1,590","9,510","1,810",190,"1,530","2,660",  ,  ,, - ,"2,800",100,"1,000","1,000","2,300","2,250",250,"1,570","2,230",  ,  ,, - , - , - , - , - , - , - , - , - , - ,  ,  ,,  ,  ,  ,  ,  ,  ,  ,  ,  ,  ,  ,  ,, - ,900,300, - , - , - ,90,910,490,710,  ,  ,, - ,900,280,630,690,"1,400",830,120,-10,"1,310",  ,  ,, - ,"1,700",70,"1,250","1,030","2,250",820,"2,080",560,"1,390",  ,  ,,  ,  ,  ,  ,  ,  ,  ,  ,  ,  ,  ,  ,,  ,  ,  ,  ,  ,  ,  ,  ,  ,  ,  ,  ,, - ,"1,400",100, - , - , - ,-980,"1,580",-591,"1,601",  ,  ,, - ,"6,300","1,000", - , - , - ,"2,050","3,350","2,190","3,810",  ,  ,, - , - , - , - , - , - ,121,279,78,-8,  ,  ,, - ,-200,200, - , - , - ,50,50,157,102,  ,  ,, - , - , - , - , - , - ,-234,384,-334,136,  ,  
Region2_district8,964,340,840,820,"2,000","-1,060","1,760","1,300","-1,660","1,660",-200,  ,  ,"5,800",,"-2,170","3,380","2,940","4,850","1,070","4,060","1,670","-3,560","3,430",260,  ,  ,,500,"2,326","1,369","1,005","1,580","1,300","1,670","-1,430","2,420","-2,000",  ,  ,, - , - , - , - , - , - , - , - ,"-1,750","1,750",  ,  ,,  ,  ,  ,  ,  ,  ,  ,  ,  ,  ,  ,  ,,"-10,200","1,500",200,"10,320","-8,910",570,"9,340","-6,580","1,050","11,060",  ,  ,,"-1,000","1,925",465,"1,610","-1,755",640,"1,115","-2,100","1,050",500,  ,  ,, - , - , - , - ,"1,400","2,350","2,250","-5,000","1,900","1,700",  ,  ,,  ,  ,  ,  ,  ,  ,  ,  ,  ,  ,  ,  ,,  ,  ,  ,  ,  ,  ,  ,  ,  ,  ,  ,  ,,"-2,150",800,900,"2,450",200,300,500,"-2,100",850,"9,100",  ,  ,,"-16,949","5,000","2,704","16,445","-8,249","1,000","7,249","-4,140","3,500","1,480",  ,  ,,-605,30,300,375,-95,299,76,-215,-125,"5,015",  ,  ,,-350, - ,130,320,-180,-570,750,-30,30, - ,  ,  ,,-500,48,4,748,-473,25,448,-315,190,250,  ,  
Region2_district9,604,600,820,900,940,860,"1,120","1,200","1,380","1,320","1,460",  ,  ,"10,600",,"1,540","3,260","4,410","3,740","3,000","2,860","4,900","4,390","5,240","3,110",  ,  ,,"1,574","1,360","1,429","1,812","1,196","1,500","1,623","1,654","1,550","1,670",  ,  ,, - , - , - , - , - , - , - , - , - , - ,  ,  ,,  ,  ,  ,  ,  ,  ,  ,  ,  ,  ,  ,  ,,290,990,"1,200",530,880,870,720,880,"1,280",400,  ,  ,,275,"1,005",950,610,930,985,"1,035",995,950,410,  ,  ,,"2,220","2,790","2,640","1,000","4,970","4,410","3,120","6,760","5,950","2,640",  ,  ,,  ,  ,  ,  ,  ,  ,  ,  ,  ,  ,  ,  ,,  ,  ,  ,  ,  ,  ,  ,  ,  ,  ,  ,  ,,54,"1,416","1,466","1,676","1,656","1,127","1,546","1,784","1,904","1,134",  ,  ,,"-4,871","8,202","3,383","9,862","11,496","7,210","9,687","10,599","13,078","5,250",  ,  ,,-993,29,146,914,964,913,"1,354","1,374","1,858","1,262",  ,  ,,75,151,15,319,280,112,12,60,172, - ,  ,  ,,-41,132,195,161,214,180,263,306,350,316,  ,  
Region3_district1,"1,822","2,360","2,440",-60,"3,000","3,000","4,000","4,240","2,520","3,000","3,000",  ,  ,"27,500",,"5,000","6,500","6,170","6,000","6,000","6,000","5,880","5,750","7,000","7,000",  ,  ,,"4,750","4,850","4,650","5,000","5,000","5,000","5,300","5,350","6,000","6,000",  ,  ,, - , - , - , - ,"6,000","4,400","5,050","4,000","4,000","4,000",  ,  ,,  ,  ,  ,  ,  ,  ,  ,  ,  ,  ,  ,  ,,"1,950","1,950","2,100","3,000","-6,000","-2,500","7,000","1,500","1,500","1,500",  ,  ,,"1,950","2,050","2,000","3,000","2,200","2,300","2,300","2,500","2,500","2,500",  ,  ,,"5,970","5,630","5,000","6,000","4,000","4,000","3,960","4,000","4,000","4,000",  ,  ,,  ,  ,  ,  ,  ,  ,  ,  ,  ,  ,  ,  ,,  ,  ,  ,  ,  ,  ,  ,  ,  ,  ,  ,  ,, - ,"2,600","2,600","3,900","3,900","3,900","3,900","3,900","3,900","3,900",  ,  ,,"7,200","9,600","5,500","15,000","15,000","15,000","15,000","15,000","15,000","15,000",  ,  ,,"1,000", - ,820,200,200,200,200,280,120,200,  ,  ,, - , - ,400,400,400,400,400,400,400,400,  ,  ,,-50,250,-25,200,200,200,200,200,200,200,  ,  
Region3_district2,951, - , - , - , - , - , - , - , - , - , - ,  ,  , - ,, - , - , - , - , - , - , - , - , - , - ,  ,  ,, - , - , - , - , - , - , - , - , - , - ,  ,  ,, - , - , - , - , - , - , - , - , - , - ,  ,  ,,  ,  ,  ,  ,  ,  ,  ,  ,  ,  ,  ,  ,, - , - , - , - , - , - , - , - , - , - ,  ,  ,, - , - , - , - , - , - , - , - , - , - ,  ,  ,, - , - , - , - , - , - , - , - , - , - ,  ,  ,,  ,  ,  ,  ,  ,  ,  ,  ,  ,  ,  ,  ,,  ,  ,  ,  ,  ,  ,  ,  ,  ,  ,  ,  ,, - , - , - , - , - , - , - , - , - , - ,  ,  ,, - , - , - , - , - , - , - , - , - , - ,  ,  ,, - , - , - , - , - , - , - , - , - , - ,  ,  ,, - , - , - , - , - , - , - , - , - , - ,  ,  ,, - , - , - , - , - , - , - , - , - , - ,  ,  
Region3_district3,403,760,700,"1,140",740,700,680,"1,120",760,-160,740,  ,  ,"7,180",,"1,160","1,450","1,930","1,490",770,"2,160","1,950","2,090",50,"1,720",  ,  ,,"1,274","1,150",750,992,"3,584","2,330","1,070","1,850",-590,"1,860",  ,  ,, - , - , - , - , - ,630,567,"2,053",-35,"1,188",  ,  ,,  ,  ,  ,  ,  ,  ,  ,  ,  ,  ,  ,  ,,500,410,"1,260",260,250,270,150,"2,900","-2,170",220,  ,  ,,"1,290",560,"1,750",600,"-1,620",650,670,"2,100",-615,-250,  ,  ,,650,375,475,360,"-1,060","1,690",460,"3,210","-1,650",420,  ,  ,,  ,  ,  ,  ,  ,  ,  ,  ,  ,  ,  ,  ,,  ,  ,  ,  ,  ,  ,  ,  ,  ,  ,  ,  ,,460,500,640,"1,300",900,"1,100",600,"1,000",-900,300,  ,  ,,"2,220","2,300","-40,720","42,920","1,400","46,400", - ,"53,400","-49,700",600,  ,  ,,600,500,"-1,600","1,000",800, - , - ,"4,200","-3,900",200,  ,  ,, - ,20, - , - ,280,100,200,200,-60,20,  ,  ,,100,100,-25,100,200,125, - ,275,-225,175,  ,  
Region3_district4,804, - , - , - , - , - , - , - , - , - , - ,  ,  , - ,, - , - , - , - , - , - , - , - , - , - ,  ,  ,, - , - , - , - , - , - , - , - , - , - ,  ,  ,, - , - , - , - , - , - , - , - , - , - ,  ,  ,,  ,  ,  ,  ,  ,  ,  ,  ,  ,  ,  ,  ,, - , - , - , - , - , - , - , - , - , - ,  ,  ,, - , - , - , - , - , - , - , - , - , - ,  ,  ,, - , - , - , - , - , - , - , - , - , - ,  ,  ,,  ,  ,  ,  ,  ,  ,  ,  ,  ,  ,  ,  ,,  ,  ,  ,  ,  ,  ,  ,  ,  ,  ,  ,  ,, - , - , - , - , - , - , - , - , - , - ,  ,  ,, - , - , - , - , - , - , - , - , - , - ,  ,  ,, - , - , - , - , - , - , - , - , - , - ,  ,  ,, - , - , - , - , - , - , - , - , - , - ,  ,  ,, - , - , - , - , - , - , - , - , - , - ,  ,  
Region3_district5,"2,281", - , - , - , - ,600,"3,900","4,080","4,300","7,620","1,300",  ,  ,"21,800",, - , - , - ,"-1,710","-1,170","9,390","8,430","7,960","9,790","2,720",  ,  ,, - , - , - ,"-1,660","2,660","7,200","7,460","6,720","8,470","2,550",  ,  ,, - , - , - , - ,"-3,000","6,369","4,631","5,000","7,377","3,350",  ,  ,,  ,  ,  ,  ,  ,  ,  ,  ,  ,  ,  ,  ,, - , - , - , - ,"-24,100","17,210","5,440","-11,050","3,870","1,150",  ,  ,, - , - , - ,"-1,850","2,900","2,540","2,410","1,245","3,380",940,  ,  ,, - , - , - ,"-4,730","4,950","3,730","3,670","2,250","4,130","3,000",  ,  ,,  ,  ,  ,  ,  ,  ,  ,  ,  ,  ,  ,  ,,  ,  ,  ,  ,  ,  ,  ,  ,  ,  ,  ,  ,, - , - , - , - ,600, - ,"6,000","1,280","7,720","12,000",  ,  ,, - , - , - ,"-14,080","-4,020","19,100","15,500","-1,005","32,405","32,600",  ,  ,, - , - , - ,-37,-117,154,"1,000",100,"3,400", - ,  ,  ,, - , - , - , - ,100, - ,300,300, - , - ,  ,  ,, - , - , - , - ,-215,215, - ,70,70,60,  ,  
Region3_district6,259, - , - ,"1,320","1,890",290,-10,"1,000","2,010",320,600, - ,  ,"7,420",, - , - ,430,"1,800","1,770",-440,"1,240","2,200",520,910, - ,  ,, - , - ,"1,290","1,374","3,336","-1,856",930,"1,926",302,824, - ,  ,, - , - , - , - , - , - ,-280,"2,280",430,505, - ,  ,,  ,  ,  ,  ,  ,  ,  ,  ,  ,  ,  ,  ,, - , - ,"-1,960",170,"2,290",100,200,"1,700","-1,350","1,840", - ,  ,, - , - ,730,-350,420,160,400,"1,440",-115,670, - ,  ,, - , - ,"2,540",360,"1,100",90,650,"2,260",-610,"1,010", - ,  ,,  ,  ,  ,  ,  ,  ,  ,  ,  ,  ,  ,  ,,  ,  ,  ,  ,  ,  ,  ,  ,  ,  ,  ,  ,, - , - , - , - ,900, - ,-600,600,"-1,770","2,966", - ,  ,, - , - , - , - ,"7,200", - ,"-6,700","6,700","-6,240","8,194", - ,  ,, - , - , - , - ,"1,200", - ,-800,800,-406,699, - ,  ,, - , - , - , - ,"2,710", - ,"-2,560","2,560",-81,81, - ,  ,, - , - , - , - ,425, - ,-400,400,-98,168, - ,  
Region3_district7,"2,474","2,200","1,780","1,020","1,860","2,700","3,700","3,800","2,980", - ,"1,920",  ,  ,"21,960",,"6,250","7,240","7,360","9,650","8,120","9,510","10,430","9,170","8,620","6,950",  ,  ,,"2,800","4,842","6,134","5,934","5,986","7,504","7,001","6,850",70,"3,790",  ,  ,, - , - , - , - ,"1,216","6,493","4,648","6,318","3,469","7,482",  ,  ,,  ,  ,  ,  ,  ,  ,  ,  ,  ,  ,  ,  ,,820,"1,850",890,"1,910","1,690","1,890","1,550","2,130","25,870","-22,440",  ,  ,,"5,420","3,600","3,910","3,850","5,790","1,615","3,150","2,260","2,660","1,045",  ,  ,,"-1,070","1,955","1,765","1,970",-200,"4,600","3,390","4,160","8,510","-2,840",  ,  ,,  ,  ,  ,  ,  ,  ,  ,  ,  ,  ,  ,  ,,  ,  ,  ,  ,  ,  ,  ,  ,  ,  ,  ,  ,,"-3,900","1,800",500,"6,220",-220,"3,600","3,100","2,460","7,440","-6,080",  ,  ,,"-18,700","12,100","23,230","6,000","7,000","19,400","15,480","19,200","83,420","-54,900",  ,  ,,"2,350","1,100", - ,571,646,968,619,520,"1,026",913,  ,  ,,"1,000",500,300, - , - ,-300,"1,000", - , - , - ,  ,  ,,-175,171,15,243,194,370,190,170,465,60,  ,  
Region3_district8,581,"-2,680",300,"1,780",580,"1,040",780,"1,180","1,080",900,780,  ,  ,"5,740",,-490,"1,250","3,560","8,680","2,750",810,"4,640","1,740","-1,390",970,  ,  ,,-460,"1,143","1,916",920,"1,757","1,280","1,784","1,550","1,210","-1,560",  ,  ,, - , - , - , - ,-473,623,"1,099","1,635","1,116","-1,910",  ,  ,,  ,  ,  ,  ,  ,  ,  ,  ,  ,  ,  ,  ,,"-1,070",590,480,560,670,450,670,220,480,500,  ,  ,,710,150,-790,270,760,435,670,595,"1,054",421,  ,  ,,"-2,660","1,620","1,540",960,"1,360","1,210","1,200","1,340",890,-110,  ,  ,,  ,  ,  ,  ,  ,  ,  ,  ,  ,  ,  ,  ,,  ,  ,  ,  ,  ,  ,  ,  ,  ,  ,  ,  ,,"-3,820",800,"4,620",600,-800,700,620,"1,500","6,200","-1,290",  ,  ,,"-7,200","2,100","5,100","2,000","1,700","4,700","1,850","4,250","4,100","-10,300",  ,  ,,"-3,700",900,"2,800", - ,800,500,700,550,150, - ,  ,  ,, - , - , - , - ,200, - , - , - , - , - ,  ,  ,,-175,32,143,-300,135,165, - ,100,125,45,  ,  
Region3_district9,839,770,"1,170","8,600","2,000","2,320","5,180","1,700","1,400","2,400","1,400",  ,  ,"26,940",,924,986,"11,000",730,"2,470","14,280","1,800",600,"3,100","2,600",  ,  ,,974,776,"7,200",550,"3,300","4,850","3,100","2,000","4,700","2,200",  ,  ,, - , - , - , - , - ,"10,598","2,300","2,800","3,600","1,450",  ,  ,,  ,  ,  ,  ,  ,  ,  ,  ,  ,  ,  ,  ,,394,936,"2,810",250,300,"2,550",750,200,150,600,  ,  ,,286,814,"3,640","2,000","3,100",700,"2,200",200,"1,200",750,  ,  ,,85,675,"5,400","1,300",-400,"5,700","7,000",600,"2,300","1,900",  ,  ,,  ,  ,  ,  ,  ,  ,  ,  ,  ,  ,  ,  ,,  ,  ,  ,  ,  ,  ,  ,  ,  ,  ,  ,  ,, - ,20,400,500,"2,100","6,380","1,220","1,200","1,380",220,  ,  ,,160,40,300,500,"2,320",880,"-1,700","5,400","5,250",950,  ,  ,,179,41,200,600,-700,"1,680", - ,-100,300,10,  ,  ,,-46,86,200,400,"-2,740","4,440",410,40,"2,800",250,  ,  ,,26,19,-50,50,-83,153,140,70,30, - ,  ,  
Region4_district1,807,960,40,20,"1,068",72,"1,100",200,"1,660","1,820","1,240","1,880",  ,"10,060",,"1,320",380,"1,040","1,360",640,"3,330","4,090","3,800","4,930","3,250","4,000",  ,,"2,400", - , - ,"2,422", - ,"2,200","3,642","3,500","5,060","3,240","4,200",  ,, - , - , - , - , - , - , - , - , - , - ,"4,450",  ,,  ,  ,  ,  ,  ,  ,  ,  ,  ,  ,  ,  ,,-10,40,810,-120,220,"-2,770","1,110",700,910,460,800,  ,,110,-510,700,"1,010", - ,"2,410","2,410","1,980","1,560",700,"1,295",  ,,-610,910,100,700, - ,900,"1,430","1,030","1,010",480,910,  ,,  ,  ,  ,  ,  ,  ,  ,  ,  ,  ,  ,  ,,  ,  ,  ,  ,  ,  ,  ,  ,  ,  ,  ,  ,,"1,020", - , - , - , - , - ,"2,000","2,000","-1,493","3,093","1,800",  ,, - , - , - , - , - , - ,"9,900","9,900","-3,811","13,711", - ,  ,,100, - , - , - , - , - ,400, - ,"-4,326","4,726",300,  ,, - , - , - , - , - , - , - , - ,-816,816, - ,  ,,"5,000", - , - , - , - , - , - , - ,-724,724, - ,  
Region4_district2,"1,125","2,160","1,260","2,220","1,260",340,"1,680","2,020","2,640","2,400","2,160",  ,  ,"18,140",,"2,900","4,340","2,230","2,970","5,000","4,160","6,200","6,670","6,260","2,530",  ,  ,,"4,500","2,440","4,549","2,706","3,000","2,875","4,920","4,867","5,610","2,940",  ,  ,, - , - , - , - , - , - , - , - , - ,"4,647",  ,  ,,  ,  ,  ,  ,  ,  ,  ,  ,  ,  ,  ,  ,,"1,600","-1,530","4,660",590,"1,310",950,"1,920","1,860","1,860","1,410",  ,  ,,"1,600",620,"2,620",40,"1,700","1,480","1,710","2,260","1,735",-470,  ,  ,,"3,300","4,700",350,540,"1,140","10,390","-5,260","4,200","3,510","2,410",  ,  ,,  ,  ,  ,  ,  ,  ,  ,  ,  ,  ,  ,  ,,  ,  ,  ,  ,  ,  ,  ,  ,  ,  ,  ,  ,,"1,860","1,200","2,200",860,740,"2,080","2,300",-582,"2,040","1,660",  ,  ,,"10,800","6,400","11,700","2,200","16,790","3,380","23,280",-116,"9,461","14,200",  ,  ,,110,151,391,58,607,310,"9,289","-3,389",411,"1,155",  ,  ,, - , - , - , - , - , - , - , - , - , - ,  ,  ,,77,60,95,5,117,265,486,-553,110,142,  ,  
Region4_district3,942,"1,200","1,460","1,400","1,500",-160,480,"2,040",760,940,"1,180","1,140",  ,"11,940",,"2,600","4,800","3,000","4,000",-40,-510,"3,490","3,860","1,770","3,620","2,390",  ,,"2,394","3,120","3,000","3,000", - ,"4,850","3,150", - ,"3,410","3,610","2,370",  ,, - , - , - , - , - , - , - , - , - ,"3,050","1,790",  ,,  ,  ,  ,  ,  ,  ,  ,  ,  ,  ,  ,  ,,580,600,"1,460",730,90,-170,"3,350",420,700,820,"1,000",  ,,880,"2,800","1,710",680,90,930,"1,610",940,820,700,"1,230",  ,,"1,670","1,570","1,260", - ,-70,"1,020","4,070","7,980","-4,370","1,060","1,140",  ,,  ,  ,  ,  ,  ,  ,  ,  ,  ,  ,  ,  ,,  ,  ,  ,  ,  ,  ,  ,  ,  ,  ,  ,  ,,"1,260","1,400","1,400","1,300",200,320,"1,910",890, - , - ,680,  ,,"5,330","7,980","12,120","-3,100","3,100","-29,900","53,000", - ,"5,235","2,665","10,200",  ,, - ,306,544,265,35,104,11,85,160,40,200,  ,, - , - , - , - , - , - , - , - , - , - , - ,  ,, - ,130,120,175,25,-25,65,60, - ,150,150,  
Region4_district4,873,"1,280","1,120","1,060","1,220",200,"1,440","1,160","1,080","1,060","1,400",960,  ,"11,980",,"2,780","1,830","2,540","3,010",980,"3,110","3,270","2,800","2,580","3,520","1,450",  ,,"2,386","1,544","2,585","2,873",556,"1,880","2,245","2,267","2,090","2,700","1,250",  ,, - , - , - , - , - , - , - , - ,"2,407","2,193","1,259",  ,,  ,  ,  ,  ,  ,  ,  ,  ,  ,  ,  ,  ,,820,670,660,930,-700,260,630,800,690,520,420,  ,,740,740,660,785,205,990,770,670,810,670,"1,120",  ,,"1,760","1,400","1,140",750,480,"2,560","1,100","4,160","1,080","1,670",820,  ,,  ,  ,  ,  ,  ,  ,  ,  ,  ,  ,  ,  ,,  ,  ,  ,  ,  ,  ,  ,  ,  ,  ,  ,  ,,"1,280",976,"1,204","1,050",450,"1,240",900,800,"2,000","1,500",-40,  ,,"5,706","-23,506","11,500","-2,800","23,500","16,500","-30,200","7,897","6,207","39,196","-26,574",  ,,600,140,230,130, - ,400,-400,201,204,"3,295","-2,837",  ,,200, - , - , - , - , - , - , - , - , - , - ,  ,,70,-170, - ,-75,600, - ,-275,102,75,98,49,  
Region4_district5,"1,449","1,780",500,"2,600",300,560,"1,800",200,"1,980","1,020", - , - ,  ,"10,740",,"2,810","4,260","5,940","5,930","1,000","5,480",580,"3,100","1,900", - , - ,  ,,"4,770","2,820","3,930","1,900","2,630","2,980",364,"3,480","1,943", - , - ,  ,, - , - , - , - , - , - , - , - , - , - , - ,  ,,  ,  ,  ,  ,  ,  ,  ,  ,  ,  ,  ,  ,,-340,160,"1,080","10,680",830,"1,850","1,990",-150,"1,650", - , - ,  ,,780,390,"1,510",640,830,"1,950",405,190,"1,510", - , - ,  ,,"2,170","1,440","2,120",990,"1,300","2,790",710,-460,"1,460", - , - ,  ,,  ,  ,  ,  ,  ,  ,  ,  ,  ,  ,  ,  ,,  ,  ,  ,  ,  ,  ,  ,  ,  ,  ,  ,  ,,680,380,"4,740",-220,-960,"1,800",380,"2,000","1,900", - , - ,  ,,427,"4,140","38,460",-292,"-23,158","9,110","14,340","4,310","12,190", - , - ,  ,,"-2,896",631,"3,078", - ,"-2,451",538,"1,913","-1,155","1,155", - , - ,  ,,171,18,411, - ,-146,186,460,-111,111, - , - ,  ,,-26,49,402, - ,-233,39,199,-41,41, - , - ,  
Region4_district6,"1,328","1,420",440,"1,060","3,620",-100,"1,820","2,440","1,560","3,000","1,920","2,260",  ,"19,440",,"2,510","1,490","3,450","8,550", - ,-550,"6,420",-620,"4,720","6,140","3,890",  ,,"3,583","1,217","4,080","3,820","4,750","5,500","7,100",50,"4,580","4,110",-690,  ,, - , - , - , - , - , - , - , - , - , - ,-400,  ,,  ,  ,  ,  ,  ,  ,  ,  ,  ,  ,  ,  ,,350,450,360,240,"1,300",950,"2,160","-1,420",910,"1,780","1,310",  ,,"9,140","2,800",880,"1,820","1,800",700,"2,000",-560,"1,380","1,515","1,205",  ,,230,320,570,880,"3,400","1,050","4,240",490,"1,410","2,050","2,860",  ,,  ,  ,  ,  ,  ,  ,  ,  ,  ,  ,  ,  ,,  ,  ,  ,  ,  ,  ,  ,  ,  ,  ,  ,  ,,-300,"4,240","-1,000","3,800",200,320,380,700,"3,200",600,600,  ,,"-61,810","83,110","-9,500","5,000","-37,800","12,400","13,100","39,900","-2,000","6,600","16,500",  ,,-800, - ,"-4,000","5,100", - ,104,"-1,904","2,200","-1,800",700,-400,  ,, - , - , - , - , - , - , - ,"4,000", - , - , - ,  ,,45, - ,-41, - ,"1,246",500,-500,"1,025",154,46,-575,  
Region4_district7,"1,869", - ,800,"1,980","2,320",460,"2,360","2,420","2,160","1,860","3,780",  ,  ,"18,140",, - ,"1,650","5,800","6,420","5,370","6,460","6,580","5,550","5,190","7,600",  ,  ,, - ,"1,200","4,983","5,286","4,731","5,200","5,205","4,513","4,224","6,920",  ,  ,, - , - , - , - , - , - , - , - , - ,"7,000",  ,  ,,  ,  ,  ,  ,  ,  ,  ,  ,  ,  ,  ,  ,, - ,"144,100","1,540","1,330","1,510","1,150","1,610","1,170","1,340","10,910",  ,  ,, - ,470,"1,535","1,525","1,470","1,555","1,640","1,210","1,310","3,000",  ,  ,, - ,"2,940",470,"2,000","2,840","2,870","2,250","2,540","2,400","7,500",  ,  ,,  ,  ,  ,  ,  ,  ,  ,  ,  ,  ,  ,  ,,  ,  ,  ,  ,  ,  ,  ,  ,  ,  ,  ,  ,, - ,800,"1,980","2,320",480,"2,360","2,110","2,130","1,700","3,000",  ,  ,, - ,"113,300",700,"-4,000","1,500","32,158","7,783","6,535","7,585","17,439",  ,  ,, - ,"10,100",700, - ,100,400,241,331,334,894,  ,  ,, - ,"2,700", - , - , - ,200, - , - , - , - ,  ,  ,, - ,"1,275",-200, - , - ,225,-4,52,28,399,  ,  
Region4_district8,872,880,860,"1,440",380,"1,200",-20,"1,020","3,100","-1,040","1,060",  ,  ,"8,880",,"2,750","2,170","2,840","2,840","3,600",-620,"2,360","8,260","-2,360","2,410",  ,  ,,"2,138","1,861","2,375",92,"2,400",-19,"4,995","6,107","-1,080","2,040",  ,  ,, - , - , - , - , - , - , - , - , - , - ,  ,  ,,  ,  ,  ,  ,  ,  ,  ,  ,  ,  ,  ,  ,,590,540,880,"1,160",-420,950,560,"2,280","-1,050",690,  ,  ,,685,555,905,745,-315,"1,090","1,130","1,695","-1,115",620,  ,  ,,"2,270","1,300","2,590","4,480","-2,880","9,800","-7,300","13,280","-2,950",370,  ,  ,,  ,  ,  ,  ,  ,  ,  ,  ,  ,  ,  ,  ,,  ,  ,  ,  ,  ,  ,  ,  ,  ,  ,  ,  ,,"1,240","1,000","1,060", - ,"3,300","-3,700","5,800","1,300", - , - ,  ,  ,,"3,300","3,300","4,200", - ,"11,400","-8,700","20,900","7,000", - , - ,  ,  ,,200,200, - , - ,800,-240,240, - , - , - ,  ,  ,, - , - , - , - , - , - , - , - , - , - ,  ,  ,,50, - , - , - , - , - ,150, - , - , - ,  ,  
Region5_district1,"1,261","1,840","4,000","2,740","1,420", - , - ,900,"2,680",760,"2,100",  ,  ,"16,440",,110,"8,000","5,370","4,520", - , - ,"4,030","5,070","3,300","3,970",  ,  ,,"1,550","6,000","5,150", - , - , - ,"1,000","5,900","2,960","3,550",  ,  ,, - , - , - , - , - , - , - ,"-2,714","2,570","2,097",  ,  ,,  ,  ,  ,  ,  ,  ,  ,  ,  ,  ,  ,  ,,-640,"3,000","1,440","2,200", - , - ,"-1,430","1,040",980,"1,260",  ,  ,,205,"3,000","1,715","1,480", - , - ,-755,"1,215","1,080",895,  ,  ,,"2,280","6,000","4,610","1,610", - , - ,600,"2,550","1,430","1,770",  ,  ,,  ,  ,  ,  ,  ,  ,  ,  ,  ,  ,  ,  ,,  ,  ,  ,  ,  ,  ,  ,  ,  ,  ,  ,  ,,"1,300","2,600","1,700","1,200", - , - ,"-5,300","5,700","1,400","1,500",  ,  ,,"-4,000","16,500","20,700","13,000", - , - ,"-46,100","12,800","5,900","9,600",  ,  ,, - , - , - , - , - , - , - , - ,"2,000",500,  ,  ,, - , - , - , - , - , - , - , - , - , - ,  ,  ,,"-5,000","5,025",550, - , - , - ,-975,20,80,150,  ,  
Region5_district2,"1,045",280,"1,400",500,"2,200","1,100","1,900","2,620", - , - , - ,  ,  ,"10,000",,"1,690","3,500","1,000","4,000","1,650","3,530","6,630", - , - , - ,  ,  ,,"2,500","2,900",700,900,650,350, - , - , - , - ,  ,  ,, - , - , - , - , - , - , - , - , - , - ,  ,  ,,  ,  ,  ,  ,  ,  ,  ,  ,  ,  ,  ,  ,,900,"1,400","2,200",200,700,"2,070","2,530", - , - , - ,  ,  ,,"1,700","1,300", - ,"1,400",700,400,"3,400", - , - , - ,  ,  ,,"1,800","1,200",900,"3,300",300,"1,500","2,000", - , - , - ,  ,  ,,  ,  ,  ,  ,  ,  ,  ,  ,  ,  ,  ,  ,,  ,  ,  ,  ,  ,  ,  ,  ,  ,  ,  ,  ,,"-1,360","1,400",500,"1,900","1,100","1,900","4,360", - , - , - ,  ,  ,,900,"6,900","7,600","7,450","3,250","5,070","32,030", - , - , - ,  ,  ,,"-10,800","3,400","2,100","1,900","1,900","2,470","1,730", - , - , - ,  ,  ,, - , - , - , - , - , - ,100, - , - , - ,  ,  ,,-95,145, - , - , - ,525, - , - , - , - ,  ,  
Region5_district3,822,700,"1,300",-60,560,500, - , - ,900,800,"8,300",  ,  ,"13,000",,"2,900","3,100","-2,500",300,"4,150","1,050", - ,"-4,600",600,"7,000",  ,  ,,500,"4,500",-200,"2,200",500,"2,500", - ,"4,600","4,500","2,900",  ,  ,, - , - , - , - , - , - , - , - ,"-3,600","3,600",  ,  ,,  ,  ,  ,  ,  ,  ,  ,  ,  ,  ,  ,  ,,350,"5,650","-2,500","1,000","1,000","4,000", - ,"-1,930",900,"8,030",  ,  ,,"-3,375","6,375","-4,200",800,900,"2,500", - ,"-1,700","2,100","2,600",  ,  ,,"-2,280","8,280","-1,500","1,700",800,"2,500", - ,"-1,100",500,"2,600",  ,  ,,  ,  ,  ,  ,  ,  ,  ,  ,  ,  ,  ,  ,,  ,  ,  ,  ,  ,  ,  ,  ,  ,  ,  ,  ,, - , - , - , - , - , - , - , - ,400,"2,200",  ,  ,, - , - , - , - , - , - , - , - ,"11,061","17,439",  ,  ,, - , - , - , - , - , - , - , - ,400,"1,600",  ,  ,, - , - , - , - , - , - , - , - , - , - ,  ,  ,, - , - , - , - , - , - , - , - ,-637,887,  ,  
Region5_district4,983,"1,920",60,200,"1,120","1,980","1,900","1,080",920,"1,080","-2,200",  ,  ,"8,060",,"3,250",920,"1,790","2,130","3,600","4,540", - ,"1,750","1,250","-3,620",  ,  ,,"1,278",478,"1,260","1,864","3,144","1,726","2,250","1,750","1,250","-2,360",  ,  ,, - , - , - , - , - , - , - , - , - ,600,  ,  ,,  ,  ,  ,  ,  ,  ,  ,  ,  ,  ,  ,  ,,750,160,580,190,470,240,"4,530","-4,190","4,190","-2,500",  ,  ,,-240,350,375,545,"2,660","1,410",590,-350,"2,350","-1,220",  ,  ,,"2,460",420,700,600,"3,110",-280,"1,780",180,"1,820","-1,830",  ,  ,,  ,  ,  ,  ,  ,  ,  ,  ,  ,  ,  ,  ,,  ,  ,  ,  ,  ,  ,  ,  ,  ,  ,  ,  ,,"1,300", - ,100,-400,"4,300", - , - ,"-2,000","2,000", - ,  ,  ,,"4,100","16,300",100,"3,800","33,000", - , - ,"-7,900","7,900", - ,  ,  ,,"-1,900","1,800",200,"-1,300","1,300", - , - ,-200,200, - ,  ,  ,,200, - , - , - , - , - , - , - , - , - ,  ,  ,,87,21,12,40,"1,040", - , - ,"-1,520","1,520", - ,  ,  
Region5_district5,"1,435",260,240, - , - , - ,-20,"1,448","1,480","1,092", - ,  ,  ,"4,500",,183,317, - , - , - ,"3,694","2,306","2,850",150, - ,  ,  ,,"1,499",501, - , - , - ,"3,641","1,190","3,992",177, - ,  ,  ,, - , - , - , - , - ,"-2,784","4,784", - , - , - ,  ,  ,,  ,  ,  ,  ,  ,  ,  ,  ,  ,  ,  ,  ,,-10,"1,010", - , - , - ,"-3,910","3,842","2,804",666, - ,  ,  ,,"-1,755","1,755", - , - , - ,350,"4,900","2,665",85, - ,  ,  ,,"-2,285","2,285", - , - , - ,"1,880","-1,460",654,"3,926", - ,  ,  ,,  ,  ,  ,  ,  ,  ,  ,  ,  ,  ,  ,  ,,  ,  ,  ,  ,  ,  ,  ,  ,  ,  ,  ,  ,, - , - , - , - , - , - , - , - , - , - ,  ,  ,,"-4,251","4,251", - , - , - , - , - , - , - , - ,  ,  ,,"9,525","4,875", - , - , - , - ,"7,609",791, - , - ,  ,  ,,"-2,007","2,007", - , - , - , - ,"1,065","1,335", - , - ,  ,  ,,-25,25, - , - , - , - ,300,340, - , - ,  ,  
Region5_district6,"1,461", - , - , - , - , - , - , - ,340,"2,140","1,520",  ,  ,"4,000",, - , - , - , - , - , - , - ,"2,130","4,040","12,830",  ,  ,, - , - , - , - , - , - , - ,"2,000","3,110","3,040",  ,  ,, - , - , - , - , - , - , - ,-732,364,"2,368",  ,  ,,  ,  ,  ,  ,  ,  ,  ,  ,  ,  ,  ,  ,, - , - , - , - , - , - , - ,"-2,095","-3,015","7,110",  ,  ,, - , - , - , - , - , - , - ,"-2,065","1,150","2,915",  ,  ,, - , - , - , - , - , - , - ,770,"2,020","2,210",  ,  ,,  ,  ,  ,  ,  ,  ,  ,  ,  ,  ,  ,  ,,  ,  ,  ,  ,  ,  ,  ,  ,  ,  ,  ,  ,, - , - , - , - , - , - , - ,-100,"1,300", - ,  ,  ,, - , - , - , - , - , - , - ,"2,861","10,139", - ,  ,  ,, - , - , - , - , - , - , - ,100,400, - ,  ,  ,, - , - , - , - , - , - , - , - , - , - ,  ,  ,, - , - , - , - , - , - , - ,-762,762, - ,  ,  
Region5_district7,649, - , - , - , - , - , - , - , - , - , - ,  ,  , - ,, - , - , - , - , - , - , - , - , - , - ,  ,  ,, - , - , - , - , - , - , - , - , - , - ,  ,  ,, - , - , - , - , - , - , - , - , - , - ,  ,  ,,  ,  ,  ,  ,  ,  ,  ,  ,  ,  ,  ,  ,, - , - , - , - , - , - , - , - , - , - ,  ,  ,, - , - , - , - , - , - , - , - , - , - ,  ,  ,, - , - , - , - , - , - , - , - , - , - ,  ,  ,,  ,  ,  ,  ,  ,  ,  ,  ,  ,  ,  ,  ,,  ,  ,  ,  ,  ,  ,  ,  ,  ,  ,  ,  ,, - , - , - , - , - , - , - , - , - , - ,  ,  ,, - , - , - , - , - , - , - , - , - , - ,  ,  ,, - , - , - , - , - , - , - , - , - , - ,  ,  ,, - , - , - , - , - , - , - , - , - , - ,  ,  ,, - , - , - , - ,-675,"1,050", - , - , - , - ,  ,  
Region5_district8,423,60,"1,180","1,620",480,860,640, - , - , - , - , - ,  ,"4,840",,"-1,240","1,090",200,"5,650","1,030","1,770", - , - , - , - , - ,  ,,-50,814,"-1,092","1,834",679,"1,315", - , - , - , - , - ,  ,, - , - , - , - , - , - , - , - , - , - , - ,  ,,  ,  ,  ,  ,  ,  ,  ,  ,  ,  ,  ,  ,,"-1,480",900,"4,630","1,570",20,"1,360", - , - , - , - , - ,  ,,"-3,510",850,-360,750,20,"3,250", - , - , - , - , - ,  ,,450,640,570,"1,350",500,"1,990", - , - , - , - , - ,  ,,  ,  ,  ,  ,  ,  ,  ,  ,  ,  ,  ,  ,,  ,  ,  ,  ,  ,  ,  ,  ,  ,  ,  ,  ,,-23,673,"1,230","1,320",-800,"2,800", - , - , - , - , - ,  ,,"-2,200","2,800","2,100","4,500",-300,"12,500", - , - , - , - , - ,  ,,"-2,500",100,"1,200","3,900","-7,200","7,200", - , - , - , - , - ,  ,, - , - , - , - , - ,"1,000", - , - , - , - , - ,  ,, - , - ,25,100, - , - , - , - , - , - , - ,  
Region6_district1,441, - ,760,"1,700",840,840,"1,320","1,240","1,880","1,970","-1,290",  ,  ,"9,260",,"-1,860",850,"2,870","1,430","1,830","2,970","1,140","1,250","2,630",160,  ,  ,,-232,232,"1,600","1,234","1,486","1,685","1,293",255,"2,950",730,  ,  ,, - , - , - , - ,-190,"1,758",255,"1,015","1,437",992,  ,  ,,  ,  ,  ,  ,  ,  ,  ,  ,  ,  ,  ,  ,,"-1,140",240,"3,160",640,-240,"1,570",550,910,"1,020","-1,740",  ,  ,,"-2,025",270,"2,515",690,40,"1,290",785,400,650,70,  ,  ,,60,980,740,"1,070",600,"2,230",850,"1,180","1,430","1,500",  ,  ,,  ,  ,  ,  ,  ,  ,  ,  ,  ,  ,  ,  ,,  ,  ,  ,  ,  ,  ,  ,  ,  ,  ,  ,  ,,"-35,400","35,000","3,383",970,"1,451","1,507",103,"-1,400","2,413","-2,149",  ,  ,,"-23,800","1,730","39,103","3,849","-33,467","39,664","-20,848","21,625","4,649","-1,305",  ,  ,,"-2,100",116,"2,007",346,482,"1,329",-351,600,84,160,  ,  ,,-100, - ,648,143,278,19,11, - ,9,-179,  ,  ,,135,20,129,123,-252,498,-152,15,222,-380,  ,  
Region6_district2,595,600,"1,020",580,680,"1,000",580,720,900,700,640,  ,  ,"7,420",,560,"1,080","1,660",970,"1,390",900,"1,400","1,200","1,000","1,470",  ,  ,,964,600,856,601,694,480,941,"1,200",600,"1,300",  ,  ,, - , - , - , - ,740,480,"1,380","1,200",300,"1,272",  ,  ,,  ,  ,  ,  ,  ,  ,  ,  ,  ,  ,  ,  ,,-100,300,900,350,800,120,710,500,220,500,  ,  ,,-200,300,"1,000",350,400,120,710,500,220,800,  ,  ,,200,"1,220","2,420","1,030",710,520,980,"1,100",700,650,  ,  ,,  ,  ,  ,  ,  ,  ,  ,  ,  ,  ,  ,  ,,  ,  ,  ,  ,  ,  ,  ,  ,  ,  ,  ,  ,,-140,"1,020","1,920",680,"1,000",500,800,900,"1,540",640,  ,  ,,930,"2,412","12,518","16,831","2,110","1,720","4,721","4,500","7,936","4,222",  ,  ,,"-1,069",300,"3,679","1,201",100,125,236,440,"2,357",257,  ,  ,,84,60,476,70,80,24,142,100,64,76,  ,  ,,-685,35,836,39,33,25,60,60,582,50,  ,  
Region6_district3,442,-660,420,380,"2,600",440,"1,120",920,460,"1,060",640,  ,  ,"7,380",,"-5,040",600,710,"5,790",600,"5,070","2,300","1,000","3,160","1,010",  ,  ,,"-2,176",866,596,654,518,"2,201",837,581,"1,097",860,  ,  ,, - , - , - , - , - ,620,847,736,989,918,  ,  ,,  ,  ,  ,  ,  ,  ,  ,  ,  ,  ,  ,  ,,"-1,180",570,70,"2,450","-1,310",710,"1,510",270,780,230,  ,  ,,-820,255,180,"1,175",235,760,475,325,795,225,  ,  ,,-50,600,670,"2,630",330,"1,960",830,480,790,500,  ,  ,,  ,  ,  ,  ,  ,  ,  ,  ,  ,  ,  ,  ,,  ,  ,  ,  ,  ,  ,  ,  ,  ,  ,  ,  ,,"-3,800","1,100",100,"4,100","-22,200","24,400",100,"-2,200","2,700",800,  ,  ,,"-37,800","28,400",200,"44,200","11,600","-19,400","10,000","-352,600","388,300","-22,000",  ,  ,,"-1,300",-200,55,"4,245",695,850, - ,600, - , - ,  ,  ,,-110,310,50,685,115,20, - ,30,50, - ,  ,  ,,-64,-10,24,288,111,188, - ,21,66, - ,  ,  
Region6_district4,731,"-1,700",880,"2,820", - ,500,960,620,"3,840","-1,240","1,740",  ,  ,"8,420",,440,"2,500","2,060", - ,"1,450","2,590","1,600","3,400","1,590","4,420",  ,  ,,346,"1,798","2,856", - ,"1,060",560,"1,260","1,500",670,"2,980",  ,  ,, - , - , - , - ,"1,940","2,060","1,300","2,700",740,"-15,800",  ,  ,,  ,  ,  ,  ,  ,  ,  ,  ,  ,  ,  ,  ,,"-2,450",780,"2,670", - ,350,900,420,"3,900","-3,450","3,470",  ,  ,,730,810,460, - ,350,"2,040",420,"2,040","-1,560","1,080",  ,  ,,850,"1,020",130, - ,830,"2,000","1,110","2,120",670,"2,170",  ,  ,,  ,  ,  ,  ,  ,  ,  ,  ,  ,  ,  ,  ,,  ,  ,  ,  ,  ,  ,  ,  ,  ,  ,  ,  ,,-500,700,"5,800", - ,900,-400,"3,100",400,"24,400","2,300",  ,  ,,-840,"-108,660","121,200", - ,"2,400","102,100","-12,800","16,800","-5,400",580,  ,  ,,390,590,"1,520", - ,400,"-4,100","7,900",800,-700,400,  ,  ,, - ,500, - , - , - ,"2,000", - , - ,100, - ,  ,  ,,"1,380",75,295, - ,-450,450, - , - ,130,-480,  ,  
Region6_district5,494,580,920,"16,360","1,180","-9,920","10,140","-7,300",580,"1,180","1,200",  ,  ,"14,920",,380,"1,540","3,630","1,650","2,510","1,113",747,"1,400","1,990","3,220",  ,  ,,574,"1,196","2,659","1,637",636,"1,493","1,158","1,420",820,"2,730",  ,  ,, - , - , - , - ,695,"2,057","1,158","1,543","1,371","2,043",  ,  ,,  ,  ,  ,  ,  ,  ,  ,  ,  ,  ,  ,  ,,-620,460,"7,620",710,"-4,830","5,580","-3,930","1,450",-760,580,  ,  ,,-360,515,"7,470",765,"-4,495","5,250","-2,980",390,240,640,  ,  ,,750,"1,900","6,240","1,380",-40,510,-330,910,"1,120","1,010",  ,  ,,  ,  ,  ,  ,  ,  ,  ,  ,  ,  ,  ,  ,,  ,  ,  ,  ,  ,  ,  ,  ,  ,  ,  ,  ,,-450,"1,000","15,737","1,205","-3,542","3,790",570,600, - ,"1,000",  ,  ,,"-15,700","5,200","29,846","2,807","-13,715","14,869","-8,318","4,800","3,054","1,000",  ,  ,,-800,550,"3,763",327,-987,"1,835",-105,100,105,680,  ,  ,, - , - , - ,10,90, - , - , - , - ,50,  ,  ,,-350,84,546,51,-227,265,-111,47,99,10,  ,  
Region7_district1,524,-120,240,900,580,320,620,-60,780,300,440,  ,  ,"4,000",,-130,"1,280","1,590","1,260",650,"1,090","1,930","1,640","2,200","-1,420",  ,  ,,870,"1,012","2,518",400,"1,020","1,121","1,380",630,"2,820","1,100",  ,  ,, - , - , - , - , - ,-500, - , - ,390,"1,165",  ,  ,,  ,  ,  ,  ,  ,  ,  ,  ,  ,  ,  ,  ,,-140,430,"1,620",90,"1,380",710,"2,180",-60,700,530,  ,  ,,"1,300",90,"3,020",90,-360,-85,290,"1,375",265,530,  ,  ,,-590,530,"2,260",800,680,"1,050","1,000",-330,"1,370","1,310",  ,  ,,  ,  ,  ,  ,  ,  ,  ,  ,  ,  ,  ,  ,,  ,  ,  ,  ,  ,  ,  ,  ,  ,  ,  ,  ,,-500,-100, - ,700,-360,"1,360",900,"2,000","2,000","1,000",  ,  ,, - ,"5,300",-100,"2,000",454,946,"2,600","1,100","3,700","2,500",  ,  ,, - ,800,-600,800,100,800,100,200,100,800,  ,  ,, - , - , - , - , - , - , - , - , - , - ,  ,  ,,-5,55,25, - ,-155,260,55,40, - ,15,  ,  
Region7_district2,460,60,620,640,680,860,"1,020",520,720,800,440,  ,  ,"6,360",,-750,"1,090","1,400",260,"1,940","1,910",950,"1,080","1,130","1,030",  ,  ,,-488,"1,012","1,486","1,040",908,"1,242","1,020","1,090","1,140",580,  ,  ,, - , - , - , - , - , - ,100,857,"1,061",550,  ,  ,,  ,  ,  ,  ,  ,  ,  ,  ,  ,  ,  ,  ,,-300,360,420,820,180,810,350,610,480,360,  ,  ,,620,"1,740",560,680,180,790,330,570,475,360,  ,  ,,-300,220,"2,420",360,"1,840","1,680",620,"1,070","1,140",900,  ,  ,,  ,  ,  ,  ,  ,  ,  ,  ,  ,  ,  ,  ,,  ,  ,  ,  ,  ,  ,  ,  ,  ,  ,  ,  ,,134,466,300,400,-200,500,800,600,800,400,  ,  ,,"-3,074","3,074","4,400","3,600","-3,300","1,600","4,200","1,900","4,000","1,600",  ,  ,,100,400,300,400,-200,600,300,440,400,260,  ,  ,, - , - , - , - , - , - , - , - , - , - ,  ,  ,,-92,17,56,44,-60,9,55,21,52,5,  ,  
Region7_district3,951,820,960,"1,020",600,200,"1,250","2,060",-340,"2,460","1,380",  ,  ,"10,410",,"2,520","3,380",-440,"2,540",270,"3,100","2,010","2,110","3,820",210,  ,  ,,"1,700","1,940","1,260","1,600","1,560","4,490","1,800","1,600","3,740","2,380",  ,  ,, - , - , - , - , - , - ,550,"1,450","4,150","1,550",  ,  ,,  ,  ,  ,  ,  ,  ,  ,  ,  ,  ,  ,  ,,600,480,600,820,490,"1,170",710,390,"1,580",860,  ,  ,,200,250,760,790,100,"1,175",825,240,"1,460",900,  ,  ,,"1,200",810,390,"2,600",-600,"1,700","1,200",590,"1,830",930,  ,  ,,  ,  ,  ,  ,  ,  ,  ,  ,  ,  ,  ,  ,,  ,  ,  ,  ,  ,  ,  ,  ,  ,  ,  ,  ,,-500,600,"2,200",500,"-1,500","1,800","1,400", - ,"1,800","1,400",  ,  ,,"1,100","2,500","5,600","4,000","1,100","2,050","-1,550","5,700","11,300","6,800",  ,  ,,"-1,200","3,700",-300,600,"-1,500",500, - ,"2,825","-1,325","1,200",  ,  ,, - , - , - , - , - , - , - , - , - , - ,  ,  ,,75,15,-140,250,-125,175,75,50,50,50,  ,  
Region7_district4,222, - ,140,-840,"1,000",440,540,480,220,560,840,  ,  ,"3,380",,"-1,600",280,-50,"2,370",400,"1,450","1,200",720,"1,230",660,  ,  ,,-800,180,"-1,730","2,950",375,715,"1,110",250,790,"1,070",  ,  ,, - , - , - , - , - , - ,310,35,655,40,  ,  ,,  ,  ,  ,  ,  ,  ,  ,  ,  ,  ,  ,  ,,-520,80,-770,"1,210",190,"1,810",460,50,790,250,  ,  ,,-420,80,-860,"1,200",190,240,395,-95,440,95,  ,  ,,100,"2,180","-2,730","2,950",800,880,"1,100",590,970,370,  ,  ,,  ,  ,  ,  ,  ,  ,  ,  ,  ,  ,  ,  ,,  ,  ,  ,  ,  ,  ,  ,  ,  ,  ,  ,  ,,800,100,"-1,800","2,300",-360,660,500,"1,200",-170,670,  ,  ,, - ,200,"-7,400","9,600",455,"1,199","2,386","7,960","3,150","-1,350",  ,  ,,-300,100,"-2,000","2,500",100,500,140,560,60,120,  ,  ,, - , - , - , - , - , - , - , - ,-200,250,  ,  ,,-195,10,110,100,-155,60,25,295,-450,150,  ,  
Region8_district1,41, - ,40,40,60,40,20,60,60,60,20,40,  ,440,, - ,80,20,40,80,170,140,110,140,160,100,  ,, - ,80,20,40,86,78,130,120,104,131,164,  ,, - , - , - , - , - ,23,77,58,122,61,82,  ,,  ,  ,  ,  ,  ,  ,  ,  ,  ,  ,  ,  ,,-30,100,20,30,70,80,80,70,60,20,30,  ,,-30,70,20,30,70,80,80,70,60,20,30,  ,, - ,60,40,60,80,40,50,10,120,60,50,  ,,  ,  ,  ,  ,  ,  ,  ,  ,  ,  ,  ,  ,,  ,  ,  ,  ,  ,  ,  ,  ,  ,  ,  ,  ,,-200,20,180,200,60,40,140,122,138,268,40,  ,,-150,290,60,120, - ,60,100,30,190,120,100,  ,,-10,30,80,140,30,25,15,20,60,100,20,  ,, - ,-6,6,8,6,17,9,4,40,30,20,  ,, - ,2,2, - ,4,2,3,1,4,3, - ,  
Region8_district2,131,120,80,200,260,420,160,-140,240,180,180,  ,  ,"1,700",,"-1,500",200,"1,180",220, - ,940,-420,860,420,360,  ,  ,,-60,260,292,540,785,215,-140,532,234,404,  ,  ,, - , - , - ,400,"1,000",300,-100,541,187,392,  ,  ,,  ,  ,  ,  ,  ,  ,  ,  ,  ,  ,  ,  ,,-340,60,80,400,240,"1,250",-40,200,300,120,  ,  ,,-220,-60,190,490,130,220,-160,250,40,290,  ,  ,,100,140,280,560,750,400,-40,420,210,350,  ,  ,,  ,  ,  ,  ,  ,  ,  ,  ,  ,  ,  ,  ,,  ,  ,  ,  ,  ,  ,  ,  ,  ,  ,  ,  ,,-100,-100,300,500,160,140,100,-183,223,60,  ,  ,,-200,200,300,"3,600","2,800",300,"1,700","-1,390","1,076",114,  ,  ,, - , - ,200,300,160,140, - ,-174,119,55,  ,  ,,100,100,100, - , - , - , - ,-11,4,7,  ,  ,, - ,20,10,25,35,40,30,-72,45,-7,  ,  
Region8_district3,65, - ,200,180,140,20,180,-120,180,140,20,80,  ,"1,020",,-580,120,190,"1,290",420,190,-50,100,80,160,320,  ,,-20,264,303,265,2,301,275,57,137,69,79,  ,, - , - , - ,31,-615,239,141,57,137,69,111,  ,,  ,  ,  ,  ,  ,  ,  ,  ,  ,  ,  ,  ,,-400,10,130,770,-530,90,-590,630,770,-680,80,  ,,-320,10,330,490,-250,100,310,120,70,20,80,  ,,-340,530,140,720,-320,160,150,40,140,20,120,  ,,  ,  ,  ,  ,  ,  ,  ,  ,  ,  ,  ,  ,,  ,  ,  ,  ,  ,  ,  ,  ,  ,  ,  ,  ,,"-1,150", - ,130,"1,642",-99,175,120,-50,45,150,120,  ,,-898, - ,202,"1,911",-294,670,227,75,25,308,222,  ,,-170, - ,100,470,-60,15,51,144,42,10,140,  ,,-288, - ,388, - ,150, - , - , - ,-64,64, - ,  ,,-909,50, - ,"1,059","-1,057","1,107",-25,-5,-34,4,60,  
Region8_district4,32, - ,40,60, - ,  ,140,80, - ,20,100,40,  ,480,,-90,40,90,40,  ,160,70, - ,-40,120,100,  ,,-2,10,32,34,  ,96,51, - ,79,101,77,  ,, - , - , - , - ,  ,96,53,71,41,101,77,  ,,  ,  ,  ,  ,  ,  ,  ,  ,  ,  ,  ,  ,,-110,20,50,50,  ,-20,150,-10,80,70,60,  ,,-10,20,50,60,  ,50,100,-30,100,70,60,  ,, - ,20,10,20,  ,100,60, - ,40,80,90,  ,,  ,  ,  ,  ,  ,  ,  ,  ,  ,  ,  ,  ,,  ,  ,  ,  ,  ,  ,  ,  ,  ,  ,  ,  ,, - ,15,50, - ,  ,45,49, - ,106,80,40,  ,, - ,45,100,120,  ,315,180, - ,-95,265,200,  ,, - ,10,70,20,  ,100,10, - ,-10,105,10,  ,, - , - , - , - ,  , - , - , - , - ,15,15,  ,, - ,1,1,2,  ,3,2, - ,3,3,2,  
Region9_district1,"1,330",50,"1,950",640,360,"1,760","2,280","1,620","1,000","3,180","2,520",  ,  ,"15,360",,"4,890","2,110","3,870",130,"3,790","4,780","6,820","6,800","6,010","5,150",  ,  ,,"3,150","4,850","1,850",50,"2,050","4,379","7,954","3,658","4,420","4,950",  ,  ,, - , - , - , - ,"1,905","3,761","5,205","3,570","4,600","5,700",  ,  ,,  ,  ,  ,  ,  ,  ,  ,  ,  ,  ,  ,  ,,"-3,050","3,050",-400,400,"-3,330","4,210",-240,"-1,720","1,140","1,250",  ,  ,,-10,"1,010",720,570,730,"1,130","1,280","2,170","1,290","1,360",  ,  ,,"2,310",190,"2,510",20,"2,130","1,720","2,360","2,940","1,780","1,970",  ,  ,,  ,  ,  ,  ,  ,  ,  ,  ,  ,  ,  ,  ,,  ,  ,  ,  ,  ,  ,  ,  ,  ,  ,  ,  ,,"1,160",840,650,350,"1,770","2,170","2,093","1,877","2,180","2,320",  ,  ,,"-1,440","12,940","8,750",750,"5,040","13,262","10,838","13,250","13,560","9,360",  ,  ,,"-2,075","2,375",-401,601,-863,791,581,-333,275,240,  ,  ,, - , - , - , - , - , - , - ,150,135,15,  ,  ,,"-1,065","1,065",-905,905,-734,-116,52,386,90,115,  ,  
Region9_district2,634,"-1,740","1,220","1,000","1,520",-740,"1,740","-1,180","1,380","1,340","1,460",  ,  ,"6,000",,-620,"2,870","3,090","1,660",220,"1,480","1,560","3,110","3,240","4,150",  ,  ,,"1,676","1,490","2,568","1,266",211,789,"1,170","2,360","1,910","1,920",  ,  ,, - , - , - , - ,"1,231",769,"1,985","3,034","2,298","2,840",  ,  ,,  ,  ,  ,  ,  ,  ,  ,  ,  ,  ,  ,  ,,-470,970,580,420,-800,"1,200",250,780,630,590,  ,  ,,-565,895,785,385,"-1,315","1,315",-70,330,680,860,  ,  ,,"1,690","1,640","1,940",230,"1,440",560,880,"1,800","1,180","1,730",  ,  ,,  ,  ,  ,  ,  ,  ,  ,  ,  ,  ,  ,  ,,  ,  ,  ,  ,  ,  ,  ,  ,  ,  ,  ,  ,,"1,040",788,607,"1,105",607,"1,393",80,-20,"1,676","1,181",  ,  ,,-184,"5,112","5,121","4,651","5,607","1,393","3,796","7,628","9,412","2,762",  ,  ,, - ,99,402,299,26,474,-701,158,206,598,  ,  ,,-20,270, - , - , - , - ,35,35,30, - ,  ,  ,,-48,64,50,309,-211,211,-109,72,36,-1,  ,  
Region9_district3,511, - , - ,200,800,640,660,800,"1,660",580,900,860,  ,"7,100",, - , - ,230,770,"1,630",660,"1,800","2,520","1,600","2,190",470,  ,, - , - ,735,315,"1,364","1,074","1,334","1,706","1,484","1,530",380,  ,, - , - , - , - , - , - ,"2,450","2,400","2,150","1,550","1,000",  ,,  ,  ,  ,  ,  ,  ,  ,  ,  ,  ,  ,  ,, - , - ,"-1,050","1,050",620, - ,360,"2,170",-30,530,410,  ,, - , - ,-45,"1,045",360,285,700,925,465,510,700,  ,, - , - ,420,580,840,520,650,"1,200",590,680,590,  ,,  ,  ,  ,  ,  ,  ,  ,  ,  ,  ,  ,  ,,  ,  ,  ,  ,  ,  ,  ,  ,  ,  ,  ,  ,, - , - ,-780,"1,780",640,"1,494",680,"1,200",540,735,365,  ,, - , - ,"-2,323","6,423","5,134","12,135","8,092","7,662","3,195","6,890",15,  ,, - , - ,-837,937,104,110,"1,400","1,500",151,53,"1,096",  ,, - , - ,-155,155,33,883,227,194,89,"-1,869","1,980",  ,, - , - ,-545,545,4,526,522,484,90,214,120,  
Region9_district4,"1,190", - ,600,"1,480","1,920", - , - , - , - , - , - ,8,  ,"4,008",, - ,"2,300","4,700","1,000", - , - , - , - , - , - , - ,  ,, - ,"2,290","2,790","3,920", - , - , - , - , - , - , - ,  ,, - , - , - , - , - , - , - , - , - , - , - ,  ,,  ,  ,  ,  ,  ,  ,  ,  ,  ,  ,  ,  ,, - ,-110,920,690, - , - , - , - , - , - , - ,  ,, - ,-260,560,200, - , - , - , - , - , - , - ,  ,, - ,"2,170","2,370",460, - , - , - , - , - , - , - ,  ,,  ,  ,  ,  ,  ,  ,  ,  ,  ,  ,  ,  ,,  ,  ,  ,  ,  ,  ,  ,  ,  ,  ,  ,  ,, - ,"1,700","2,220",80, - , - , - , - , - , - , - ,  ,, - ,"-2,000","7,370","7,630", - , - , - , - , - , - , - ,  ,, - ,"-1,863","6,800","2,600", - , - , - , - , - , - , - ,  ,, - ,60,"6,040", - , - , - , - , - , - , - , - ,  ,, - ,-35, - ,35, - , - , - , - , - , - , - ,  
Region9_district5,"1,645","1,020","1,800","2,220",960,"1,940","2,940","2,460","2,420","2,660","2,820",  ,  ,"21,240",,"6,830","6,260","6,640","2,270","4,130","7,140","5,900","6,130","6,650","6,680",  ,  ,,"5,500","4,590","4,930",480,"3,330","4,393","4,911","4,612","6,130","3,214",  ,  ,, - , - , - , - ,"3,397","4,473","5,197","4,817","4,842","2,014",  ,  ,,  ,  ,  ,  ,  ,  ,  ,  ,  ,  ,  ,  ,,"-3,770",660,"1,000","2,110",-260,"1,480","2,200","1,090","1,200","4,246",  ,  ,,680,640,"1,390","1,890",810,"1,350","1,125","1,330","1,305","1,330",  ,  ,,"1,800","2,340","2,740","1,120","1,780","3,200","2,440","2,430","1,990","2,490",  ,  ,,  ,  ,  ,  ,  ,  ,  ,  ,  ,  ,  ,  ,,  ,  ,  ,  ,  ,  ,  ,  ,  ,  ,  ,  ,,"1,698","1,751","2,134",417,"1,488","2,794","2,348","2,418","2,878","7,066",  ,  ,,"5,347","8,935","11,547","4,671","10,694","14,904","11,602","13,797","15,027","5,390",  ,  ,,-37,70,336,231,345,87,313,347,262,358,  ,  ,, - , - , - , - , - ,139,11,135,265, - ,  ,  ,,-485,65,22,398,-265,28,-165,57,223,113,  ,  
Region9_district6,"1,865",340,"2,300","1,360", - ,440,560, - ,580,"2,000","4,020",  ,  ,"11,600",,"-3,960","7,100","1,920", - ,"3,000", - , - ,"1,000","7,000","9,390",  ,  ,,"4,783","3,317", - , - ,"2,000", - , - ,"4,980","6,000","7,020",  ,  ,, - , - , - , - , - , - , - ,"5,500","6,000","7,500",  ,  ,,  ,  ,  ,  ,  ,  ,  ,  ,  ,  ,  ,  ,,"-3,100",750,"2,350", - ,"-8,580","12,750", - ,"-11,660", - ,"1,260",  ,  ,,-320,995,"1,780", - ,"-1,140","1,140", - ,"1,140","1,000","3,200",  ,  ,,300,"2,660","1,540", - ,200, - , - ,"2,400","2,500","3,360",  ,  ,,  ,  ,  ,  ,  ,  ,  ,  ,  ,  ,  ,  ,,  ,  ,  ,  ,  ,  ,  ,  ,  ,  ,  ,  ,,-480,"2,090","2,390", - ,95,905, - ,"-1,270","6,365","1,598",  ,  ,,"-7,060","2,374","19,618", - ,"-14,807","19,007", - ,"-8,848","17,641","12,843",  ,  ,,658,201,"1,552", - ,-835,935, - ,-102,-208,"1,585",  ,  ,, - , - , - , - , - , - , - ,97,103,54,  ,  ,,"-1,200",625,575, - ,-446,446, - ,-233,-213,-33,  ,  
